productId,name,category,brand,description
P001,ThermoLux SteamBake X606,Horno,ThermoLux,"SteamBake X606 es un horno compacto y pensado para quienes cocinan a diario. Incorpora estructura interna modular, lo que lo hace destacar frente a otros modelos de su clase. Su diseño responde a necesidades específicas con un enfoque práctico y funcional."
P002,CoolTech AquaSaver Z835,Lavavajillas,CoolTech,"AquaSaver Z835 es un lavavajillas potente y recomendado para usuarios exigentes. Incorpora control por voz integrado, lo que lo hace destacar frente a otros modelos de su clase. Su diseño responde a necesidades específicas con un enfoque práctico y funcional."
P003,WashSphere CleanJet Q216,Lavavajillas,WashSphere,"CleanJet Q216 es un lavavajillas moderno y ideal para familias numerosas. Incorpora control por voz integrado, lo que lo hace destacar frente a otros modelos de su clase. Su diseño responde a necesidades específicas con un enfoque práctico y funcional."
P004,Electrona CoolLine Z466,Frigorífico,Electrona,"CoolLine Z466 es un frigorífico silencioso y pensado para quienes cocinan a diario. Incorpora modos de funcionamiento inteligentes, lo que lo hace destacar frente a otros modelos de su clase. Su diseño responde a necesidades específicas con un enfoque práctico y funcional."
P005,Electrona DryFast X932,Secadora,Electrona,"DryFast X932 es un secadora sostenible y pensado para quienes cocinan a diario. Incorpora pantalla táctil multifunción, lo que lo hace destacar frente a otros modelos de su clase. Su diseño responde a necesidades específicas con un enfoque práctico y funcional."
P006,ThermoLux ChillBox Q597,Frigorífico,ThermoLux,"ChillBox Q597 es un frigorífico eficiente y ideal para familias numerosas. Incorpora algoritmos de optimización energética, lo que lo hace destacar frente a otros modelos de su clase. Su diseño responde a necesidades específicas con un enfoque práctico y funcional."
P007,WashSphere HeatWave Q597,Horno,WashSphere,"HeatWave Q597 es un horno sostenible y diseñado para ahorrar espacio. Incorpora control por voz integrado, lo que lo hace destacar frente a otros modelos de su clase. Su diseño responde a necesidades específicas con un enfoque práctico y funcional."
P008,VentoMax OvenCraft Z158,Horno,VentoMax,"OvenCraft Z158 es un horno compacto y ideal para familias numerosas. Incorpora estructura interna modular, lo que lo hace destacar frente a otros modelos de su clase. Su diseño responde a necesidades específicas con un enfoque práctico y funcional."
P009,Electrona CoolMate Q659,Frigorífico,Electrona,"CoolMate Q659 es un frigorífico potente y diseñado para ahorrar espacio. Incorpora estructura interna modular, lo que lo hace destacar frente a otros modelos de su clase. Su diseño responde a necesidades específicas con un enfoque práctico y funcional."
P010,VentoMax SteamBake Z704,Horno,VentoMax,"SteamBake Z704 es un horno versátil y pensado para quienes cocinan a diario. Incorpora estructura interna modular, lo que lo hace destacar frente a otros modelos de su clase. Su diseño responde a necesidades específicas con un enfoque práctico y funcional."
P011,CoolTech WashBuddy Q800,Lavadora,CoolTech,"WashBuddy Q800 es un lavadora intuitivo y perfecto para apartamentos pequeños. Incorpora pantalla táctil multifunción, lo que lo hace destacar frente a otros modelos de su clase. Su diseño responde a necesidades específicas con un enfoque práctico y funcional."
P012,ThermoLux CleanJet Q716,Lavavajillas,ThermoLux,"CleanJet Q716 es un lavavajillas avanzado y diseñado para ahorrar espacio. Incorpora algoritmos de optimización energética, lo que lo hace destacar frente a otros modelos de su clase. Su diseño responde a necesidades específicas con un enfoque práctico y funcional."
P013,Electrona SpinMaster Z350,Lavadora,Electrona,"SpinMaster Z350 es un lavadora eficiente y diseñado para ahorrar espacio. Incorpora control por voz integrado, lo que lo hace destacar frente a otros modelos de su clase. Su diseño responde a necesidades específicas con un enfoque práctico y funcional."
P014,ThermoLux AquaSaver Z310,Lavavajillas,ThermoLux,"AquaSaver Z310 es un lavavajillas moderno y perfecto para apartamentos pequeños. Incorpora control por voz integrado, lo que lo hace destacar frente a otros modelos de su clase. Su diseño responde a necesidades específicas con un enfoque práctico y funcional."
P015,HomeEase WashBuddy Q230,Lavadora,HomeEase,"WashBuddy Q230 es un lavadora ergonómico y perfecto para apartamentos pequeños. Incorpora panel de configuración rápida, lo que lo hace destacar frente a otros modelos de su clase. Su diseño responde a necesidades específicas con un enfoque práctico y funcional."
P016,CoolTech CleanJet X253,Lavavajillas,CoolTech,"CleanJet X253 es un lavavajillas potente y creado para un estilo de vida activo. Incorpora panel de configuración rápida, lo que lo hace destacar frente a otros modelos de su clase. Su diseño responde a necesidades específicas con un enfoque práctico y funcional."
P017,Electrona SteamBake X861,Horno,Electrona,"SteamBake X861 es un horno potente y perfecto para apartamentos pequeños. Incorpora pantalla táctil multifunción, lo que lo hace destacar frente a otros modelos de su clase. Su diseño responde a necesidades específicas con un enfoque práctico y funcional."
P018,VentoMax SteamChef X314,Horno,VentoMax,"SteamChef X314 es un horno eficiente y perfecto para apartamentos pequeños. Incorpora modos de funcionamiento inteligentes, lo que lo hace destacar frente a otros modelos de su clase. Su diseño responde a necesidades específicas con un enfoque práctico y funcional."
P019,ChillCore SteamChef Z618,Horno,ChillCore,"SteamChef Z618 es un horno versátil y ideal para familias numerosas. Incorpora algoritmos de optimización energética, lo que lo hace destacar frente a otros modelos de su clase. Su diseño responde a necesidades específicas con un enfoque práctico y funcional."
P020,VentoMax OvenCraft X800,Horno,VentoMax,"OvenCraft X800 es un horno versátil y ideal para familias numerosas. Incorpora pantalla táctil multifunción, lo que lo hace destacar frente a otros modelos de su clase. Su diseño responde a necesidades específicas con un enfoque práctico y funcional."
P021,ChillCore DryEase Z544,Secadora,ChillCore,"DryEase Z544 es un secadora eficiente y recomendado para usuarios exigentes. Incorpora modos de funcionamiento inteligentes, lo que lo hace destacar frente a otros modelos de su clase. Su diseño responde a necesidades específicas con un enfoque práctico y funcional."
P022,CoolTech HeatWave Z207,Horno,CoolTech,"HeatWave Z207 es un horno ergonómico y pensado para quienes cocinan a diario. Incorpora algoritmos de optimización energética, lo que lo hace destacar frente a otros modelos de su clase. Su diseño responde a necesidades específicas con un enfoque práctico y funcional."
P023,HomeEase CoolMate Q774,Frigorífico,HomeEase,"CoolMate Q774 es un frigorífico avanzado y diseñado para ahorrar espacio. Incorpora pantalla táctil multifunción, lo que lo hace destacar frente a otros modelos de su clase. Su diseño responde a necesidades específicas con un enfoque práctico y funcional."
P024,ChillCore ChillMate Q693,Frigorífico,ChillCore,"ChillMate Q693 es un frigorífico potente y recomendado para usuarios exigentes. Incorpora pantalla táctil multifunción, lo que lo hace destacar frente a otros modelos de su clase. Su diseño responde a necesidades específicas con un enfoque práctico y funcional."
P025,CleanSync LaundryPro X891,Lavadora,CleanSync,"LaundryPro X891 es un lavadora silencioso y diseñado para ahorrar espacio. Incorpora modos de funcionamiento inteligentes, lo que lo hace destacar frente a otros modelos de su clase. Su diseño responde a necesidades específicas con un enfoque práctico y funcional."
P026,Electrona AquaSaver Q801,Lavavajillas,Electrona,"AquaSaver Q801 es un lavavajillas moderno y ideal para familias numerosas. Incorpora pantalla táctil multifunción, lo que lo hace destacar frente a otros modelos de su clase. Su diseño responde a necesidades específicas con un enfoque práctico y funcional."
P027,AquaNova DryFast Z563,Secadora,AquaNova,"DryFast Z563 es un secadora compacto y recomendado para usuarios exigentes. Incorpora modos de funcionamiento inteligentes, lo que lo hace destacar frente a otros modelos de su clase. Su diseño responde a necesidades específicas con un enfoque práctico y funcional."
P028,ChillCore CoolMate Q508,Frigorífico,ChillCore,"CoolMate Q508 es un frigorífico eficiente y ideal para familias numerosas. Incorpora modos de funcionamiento inteligentes, lo que lo hace destacar frente a otros modelos de su clase. Su diseño responde a necesidades específicas con un enfoque práctico y funcional."
P029,AquaNova WashBuddy Q220,Lavadora,AquaNova,"WashBuddy Q220 es un lavadora potente y ideal para familias numerosas. Incorpora estructura interna modular, lo que lo hace destacar frente a otros modelos de su clase. Su diseño responde a necesidades específicas con un enfoque práctico y funcional."
P030,ThermoLux DryEase Z350,Secadora,ThermoLux,"DryEase Z350 es un secadora silencioso y pensado para quienes cocinan a diario. Incorpora modos de funcionamiento inteligentes, lo que lo hace destacar frente a otros modelos de su clase. Su diseño responde a necesidades específicas con un enfoque práctico y funcional."
P031,AquaNova HeatMaster Q709,Horno,AquaNova,"HeatMaster Q709 es un horno potente y perfecto para apartamentos pequeños. Incorpora modos de funcionamiento inteligentes, lo que lo hace destacar frente a otros modelos de su clase. Su diseño responde a necesidades específicas con un enfoque práctico y funcional."
P032,VentoMax HeatWave Q613,Horno,VentoMax,"HeatWave Q613 es un horno compacto y perfecto para apartamentos pequeños. Incorpora modos de funcionamiento inteligentes, lo que lo hace destacar frente a otros modelos de su clase. Su diseño responde a necesidades específicas con un enfoque práctico y funcional."
P033,HomeEase HeatWave X579,Horno,HomeEase,"HeatWave X579 es un horno versátil y pensado para quienes cocinan a diario. Incorpora control por voz integrado, lo que lo hace destacar frente a otros modelos de su clase. Su diseño responde a necesidades específicas con un enfoque práctico y funcional."
P034,VentoMax CoolMate X841,Frigorífico,VentoMax,"CoolMate X841 es un frigorífico silencioso y recomendado para usuarios exigentes. Incorpora modos de funcionamiento inteligentes, lo que lo hace destacar frente a otros modelos de su clase. Su diseño responde a necesidades específicas con un enfoque práctico y funcional."
P035,CoolTech DryCare Q689,Secadora,CoolTech,"DryCare Q689 es un secadora intuitivo y recomendado para usuarios exigentes. Incorpora modos de funcionamiento inteligentes, lo que lo hace destacar frente a otros modelos de su clase. Su diseño responde a necesidades específicas con un enfoque práctico y funcional."
P036,KüchenPro HeatWave X631,Horno,KüchenPro,"HeatWave X631 es un horno sostenible y ideal para familias numerosas. Incorpora estructura interna modular, lo que lo hace destacar frente a otros modelos de su clase. Su diseño responde a necesidades específicas con un enfoque práctico y funcional."
P037,HomeEase CoolMate Q111,Frigorífico,HomeEase,"CoolMate Q111 es un frigorífico versátil y pensado para quienes cocinan a diario. Incorpora estructura interna modular, lo que lo hace destacar frente a otros modelos de su clase. Su diseño responde a necesidades específicas con un enfoque práctico y funcional."
P038,ChillCore ChillMate Z924,Frigorífico,ChillCore,"ChillMate Z924 es un frigorífico sostenible y creado para un estilo de vida activo. Incorpora control por voz integrado, lo que lo hace destacar frente a otros modelos de su clase. Su diseño responde a necesidades específicas con un enfoque práctico y funcional."
P039,ThermoLux ChillBox Z380,Frigorífico,ThermoLux,"ChillBox Z380 es un frigorífico potente y ideal para familias numerosas. Incorpora algoritmos de optimización energética, lo que lo hace destacar frente a otros modelos de su clase. Su diseño responde a necesidades específicas con un enfoque práctico y funcional."
P040,ChillCore LaundryPro X458,Lavadora,ChillCore,"LaundryPro X458 es un lavadora moderno y diseñado para ahorrar espacio. Incorpora panel de configuración rápida, lo que lo hace destacar frente a otros modelos de su clase. Su diseño responde a necesidades específicas con un enfoque práctico y funcional."
P041,Electrona DryEase Q806,Secadora,Electrona,"DryEase Q806 es un secadora ergonómico y diseñado para ahorrar espacio. Incorpora panel de configuración rápida, lo que lo hace destacar frente a otros modelos de su clase. Su diseño responde a necesidades específicas con un enfoque práctico y funcional."
P042,CoolTech DryEase Z810,Secadora,CoolTech,"DryEase Z810 es un secadora compacto y ideal para familias numerosas. Incorpora modos de funcionamiento inteligentes, lo que lo hace destacar frente a otros modelos de su clase. Su diseño responde a necesidades específicas con un enfoque práctico y funcional."
P043,KüchenPro CleanJet Z250,Lavavajillas,KüchenPro,"CleanJet Z250 es un lavavajillas ergonómico y pensado para quienes cocinan a diario. Incorpora estructura interna modular, lo que lo hace destacar frente a otros modelos de su clase. Su diseño responde a necesidades específicas con un enfoque práctico y funcional."
P044,HomeEase OvenCraft Z517,Horno,HomeEase,"OvenCraft Z517 es un horno potente y creado para un estilo de vida activo. Incorpora modos de funcionamiento inteligentes, lo que lo hace destacar frente a otros modelos de su clase. Su diseño responde a necesidades específicas con un enfoque práctico y funcional."
P045,HomeEase LaundryPro Z338,Lavadora,HomeEase,"LaundryPro Z338 es un lavadora ergonómico y diseñado para ahorrar espacio. Incorpora pantalla táctil multifunción, lo que lo hace destacar frente a otros modelos de su clase. Su diseño responde a necesidades específicas con un enfoque práctico y funcional."
P046,Electrona OvenCraft X905,Horno,Electrona,"OvenCraft X905 es un horno compacto y pensado para quienes cocinan a diario. Incorpora panel de configuración rápida, lo que lo hace destacar frente a otros modelos de su clase. Su diseño responde a necesidades específicas con un enfoque práctico y funcional."
P047,ThermoLux SteamChef X816,Horno,ThermoLux,"SteamChef X816 es un horno potente y creado para un estilo de vida activo. Incorpora estructura interna modular, lo que lo hace destacar frente a otros modelos de su clase. Su diseño responde a necesidades específicas con un enfoque práctico y funcional."
P048,WashSphere OvenCraft Q151,Horno,WashSphere,"OvenCraft Q151 es un horno compacto y pensado para quienes cocinan a diario. Incorpora algoritmos de optimización energética, lo que lo hace destacar frente a otros modelos de su clase. Su diseño responde a necesidades específicas con un enfoque práctico y funcional."
P049,HomeEase OvenCraft Z115,Horno,HomeEase,"OvenCraft Z115 es un horno avanzado y creado para un estilo de vida activo. Incorpora algoritmos de optimización energética, lo que lo hace destacar frente a otros modelos de su clase. Su diseño responde a necesidades específicas con un enfoque práctico y funcional."
P050,HomeEase AquaWash X178,Lavadora,HomeEase,"AquaWash X178 es un lavadora compacto y perfecto para apartamentos pequeños. Incorpora modos de funcionamiento inteligentes, lo que lo hace destacar frente a otros modelos de su clase. Su diseño responde a necesidades específicas con un enfoque práctico y funcional."
P051,KüchenPro SpinMaster Q471,Lavadora,KüchenPro,"SpinMaster Q471 es un lavadora eficiente y creado para un estilo de vida activo. Incorpora panel de configuración rápida, lo que lo hace destacar frente a otros modelos de su clase. Su diseño responde a necesidades específicas con un enfoque práctico y funcional."
P052,ChillCore FreshVault X882,Congelador,ChillCore,"FreshVault X882 es un congelador ergonómico y creado para un estilo de vida activo. Incorpora algoritmos de optimización energética, lo que lo hace destacar frente a otros modelos de su clase. Su diseño responde a necesidades específicas con un enfoque práctico y funcional."
P053,VentoMax LaundryPro X954,Lavadora,VentoMax,"LaundryPro X954 es un lavadora sostenible y perfecto para apartamentos pequeños. Incorpora panel de configuración rápida, lo que lo hace destacar frente a otros modelos de su clase. Su diseño responde a necesidades específicas con un enfoque práctico y funcional."
P054,HomeEase HeatWave Q912,Horno,HomeEase,"HeatWave Q912 es un horno moderno y creado para un estilo de vida activo. Incorpora estructura interna modular, lo que lo hace destacar frente a otros modelos de su clase. Su diseño responde a necesidades específicas con un enfoque práctico y funcional."
P055,VentoMax CleanJet Q739,Lavavajillas,VentoMax,"CleanJet Q739 es un lavavajillas sostenible y ideal para familias numerosas. Incorpora control por voz integrado, lo que lo hace destacar frente a otros modelos de su clase. Su diseño responde a necesidades específicas con un enfoque práctico y funcional."
P056,KüchenPro ChillMate Q155,Frigorífico,KüchenPro,"ChillMate Q155 es un frigorífico compacto y creado para un estilo de vida activo. Incorpora control por voz integrado, lo que lo hace destacar frente a otros modelos de su clase. Su diseño responde a necesidades específicas con un enfoque práctico y funcional."
P057,ThermoLux AquaWash Z589,Lavadora,ThermoLux,"AquaWash Z589 es un lavadora compacto y ideal para familias numerosas. Incorpora modos de funcionamiento inteligentes, lo que lo hace destacar frente a otros modelos de su clase. Su diseño responde a necesidades específicas con un enfoque práctico y funcional."
P058,VentoMax ChillBox Q506,Frigorífico,VentoMax,"ChillBox Q506 es un frigorífico sostenible y creado para un estilo de vida activo. Incorpora algoritmos de optimización energética, lo que lo hace destacar frente a otros modelos de su clase. Su diseño responde a necesidades específicas con un enfoque práctico y funcional."
P059,CoolTech ChillBox Q101,Frigorífico,CoolTech,"ChillBox Q101 es un frigorífico moderno y perfecto para apartamentos pequeños. Incorpora panel de configuración rápida, lo que lo hace destacar frente a otros modelos de su clase. Su diseño responde a necesidades específicas con un enfoque práctico y funcional."
P060,KüchenPro AquaWash Q346,Lavadora,KüchenPro,"AquaWash Q346 es un lavadora sostenible y creado para un estilo de vida activo. Incorpora panel de configuración rápida, lo que lo hace destacar frente a otros modelos de su clase. Su diseño responde a necesidades específicas con un enfoque práctico y funcional."
P061,WashSphere AquaWash X982,Lavadora,WashSphere,"AquaWash X982 es un lavadora avanzado y ideal para familias numerosas. Incorpora modos de funcionamiento inteligentes, lo que lo hace destacar frente a otros modelos de su clase. Su diseño responde a necesidades específicas con un enfoque práctico y funcional."
P062,CoolTech DryFast Z131,Secadora,CoolTech,"DryFast Z131 es un secadora moderno y diseñado para ahorrar espacio. Incorpora algoritmos de optimización energética, lo que lo hace destacar frente a otros modelos de su clase. Su diseño responde a necesidades específicas con un enfoque práctico y funcional."
P063,HomeEase SteamBake X390,Horno,HomeEase,"SteamBake X390 es un horno versátil y creado para un estilo de vida activo. Incorpora control por voz integrado, lo que lo hace destacar frente a otros modelos de su clase. Su diseño responde a necesidades específicas con un enfoque práctico y funcional."
P064,KüchenPro SpinMaster X477,Lavadora,KüchenPro,"SpinMaster X477 es un lavadora ergonómico y diseñado para ahorrar espacio. Incorpora control por voz integrado, lo que lo hace destacar frente a otros modelos de su clase. Su diseño responde a necesidades específicas con un enfoque práctico y funcional."
P065,ChillCore ChillMate Q324,Frigorífico,ChillCore,"ChillMate Q324 es un frigorífico avanzado y perfecto para apartamentos pequeños. Incorpora panel de configuración rápida, lo que lo hace destacar frente a otros modelos de su clase. Su diseño responde a necesidades específicas con un enfoque práctico y funcional."
P066,HomeEase DryEase X403,Secadora,HomeEase,"DryEase X403 es un secadora potente y diseñado para ahorrar espacio. Incorpora algoritmos de optimización energética, lo que lo hace destacar frente a otros modelos de su clase. Su diseño responde a necesidades específicas con un enfoque práctico y funcional."
P067,VentoMax SteamChef Q200,Horno,VentoMax,"SteamChef Q200 es un horno potente y diseñado para ahorrar espacio. Incorpora panel de configuración rápida, lo que lo hace destacar frente a otros modelos de su clase. Su diseño responde a necesidades específicas con un enfoque práctico y funcional."
P068,CoolTech HeatWave X512,Horno,CoolTech,"HeatWave X512 es un horno avanzado y perfecto para apartamentos pequeños. Incorpora modos de funcionamiento inteligentes, lo que lo hace destacar frente a otros modelos de su clase. Su diseño responde a necesidades específicas con un enfoque práctico y funcional."
P069,ChillCore HeatWave Q511,Horno,ChillCore,"HeatWave Q511 es un horno avanzado y diseñado para ahorrar espacio. Incorpora estructura interna modular, lo que lo hace destacar frente a otros modelos de su clase. Su diseño responde a necesidades específicas con un enfoque práctico y funcional."
P070,VentoMax DryEase X437,Secadora,VentoMax,"DryEase X437 es un secadora intuitivo y pensado para quienes cocinan a diario. Incorpora panel de configuración rápida, lo que lo hace destacar frente a otros modelos de su clase. Su diseño responde a necesidades específicas con un enfoque práctico y funcional."
P071,KüchenPro CoolMate X416,Frigorífico,KüchenPro,"CoolMate X416 es un frigorífico avanzado y diseñado para ahorrar espacio. Incorpora panel de configuración rápida, lo que lo hace destacar frente a otros modelos de su clase. Su diseño responde a necesidades específicas con un enfoque práctico y funcional."
P072,ChillCore LaundryPro Z618,Lavadora,ChillCore,"LaundryPro Z618 es un lavadora compacto y recomendado para usuarios exigentes. Incorpora estructura interna modular, lo que lo hace destacar frente a otros modelos de su clase. Su diseño responde a necesidades específicas con un enfoque práctico y funcional."
P073,ChillCore FrostGuard X337,Congelador,ChillCore,"FrostGuard X337 es un congelador ergonómico y perfecto para apartamentos pequeños. Incorpora algoritmos de optimización energética, lo que lo hace destacar frente a otros modelos de su clase. Su diseño responde a necesidades específicas con un enfoque práctico y funcional."
P074,HomeEase CoolMate Z195,Frigorífico,HomeEase,"CoolMate Z195 es un frigorífico intuitivo y creado para un estilo de vida activo. Incorpora algoritmos de optimización energética, lo que lo hace destacar frente a otros modelos de su clase. Su diseño responde a necesidades específicas con un enfoque práctico y funcional."
P075,WashSphere AquaSaver Z224,Lavavajillas,WashSphere,"AquaSaver Z224 es un lavavajillas compacto y diseñado para ahorrar espacio. Incorpora estructura interna modular, lo que lo hace destacar frente a otros modelos de su clase. Su diseño responde a necesidades específicas con un enfoque práctico y funcional."
P076,CleanSync ChillMate X314,Frigorífico,CleanSync,"ChillMate X314 es un frigorífico versátil y ideal para familias numerosas. Incorpora modos de funcionamiento inteligentes, lo que lo hace destacar frente a otros modelos de su clase. Su diseño responde a necesidades específicas con un enfoque práctico y funcional."
P077,AquaNova SteamChef X773,Horno,AquaNova,"SteamChef X773 es un horno ergonómico y recomendado para usuarios exigentes. Incorpora estructura interna modular, lo que lo hace destacar frente a otros modelos de su clase. Su diseño responde a necesidades específicas con un enfoque práctico y funcional."
P078,VentoMax FrostGuard Q391,Congelador,VentoMax,"FrostGuard Q391 es un congelador ergonómico y pensado para quienes cocinan a diario. Incorpora estructura interna modular, lo que lo hace destacar frente a otros modelos de su clase. Su diseño responde a necesidades específicas con un enfoque práctico y funcional."
P079,Electrona FrostGuard Z398,Congelador,Electrona,"FrostGuard Z398 es un congelador ergonómico y pensado para quienes cocinan a diario. Incorpora panel de configuración rápida, lo que lo hace destacar frente a otros modelos de su clase. Su diseño responde a necesidades específicas con un enfoque práctico y funcional."
P080,VentoMax CoolLine Q349,Frigorífico,VentoMax,"CoolLine Q349 es un frigorífico intuitivo y ideal para familias numerosas. Incorpora pantalla táctil multifunción, lo que lo hace destacar frente a otros modelos de su clase. Su diseño responde a necesidades específicas con un enfoque práctico y funcional."
P081,VentoMax FrostGuard Q852,Congelador,VentoMax,"FrostGuard Q852 es un congelador ergonómico y recomendado para usuarios exigentes. Incorpora pantalla táctil multifunción, lo que lo hace destacar frente a otros modelos de su clase. Su diseño responde a necesidades específicas con un enfoque práctico y funcional."
P082,ChillCore DryCare Z604,Secadora,ChillCore,"DryCare Z604 es un secadora moderno y ideal para familias numerosas. Incorpora panel de configuración rápida, lo que lo hace destacar frente a otros modelos de su clase. Su diseño responde a necesidades específicas con un enfoque práctico y funcional."
P083,VentoMax ChillBox Z286,Frigorífico,VentoMax,"ChillBox Z286 es un frigorífico compacto y ideal para familias numerosas. Incorpora control por voz integrado, lo que lo hace destacar frente a otros modelos de su clase. Su diseño responde a necesidades específicas con un enfoque práctico y funcional."
P084,WashSphere AquaWash Z858,Lavadora,WashSphere,"AquaWash Z858 es un lavadora intuitivo y creado para un estilo de vida activo. Incorpora algoritmos de optimización energética, lo que lo hace destacar frente a otros modelos de su clase. Su diseño responde a necesidades específicas con un enfoque práctico y funcional."
P085,ChillCore DryCare X349,Secadora,ChillCore,"DryCare X349 es un secadora moderno y perfecto para apartamentos pequeños. Incorpora panel de configuración rápida, lo que lo hace destacar frente a otros modelos de su clase. Su diseño responde a necesidades específicas con un enfoque práctico y funcional."
P086,WashSphere AquaWash Z272,Lavadora,WashSphere,"AquaWash Z272 es un lavadora potente y perfecto para apartamentos pequeños. Incorpora estructura interna modular, lo que lo hace destacar frente a otros modelos de su clase. Su diseño responde a necesidades específicas con un enfoque práctico y funcional."
P087,Electrona DryCare Z737,Secadora,Electrona,"DryCare Z737 es un secadora compacto y ideal para familias numerosas. Incorpora pantalla táctil multifunción, lo que lo hace destacar frente a otros modelos de su clase. Su diseño responde a necesidades específicas con un enfoque práctico y funcional."
P088,CoolTech FreshVault Z963,Congelador,CoolTech,"FreshVault Z963 es un congelador eficiente y ideal para familias numerosas. Incorpora control por voz integrado, lo que lo hace destacar frente a otros modelos de su clase. Su diseño responde a necesidades específicas con un enfoque práctico y funcional."
P089,HomeEase HeatMaster Q114,Horno,HomeEase,"HeatMaster Q114 es un horno versátil y ideal para familias numerosas. Incorpora algoritmos de optimización energética, lo que lo hace destacar frente a otros modelos de su clase. Su diseño responde a necesidades específicas con un enfoque práctico y funcional."
P090,CleanSync CleanJet Q952,Lavavajillas,CleanSync,"CleanJet Q952 es un lavavajillas moderno y pensado para quienes cocinan a diario. Incorpora algoritmos de optimización energética, lo que lo hace destacar frente a otros modelos de su clase. Su diseño responde a necesidades específicas con un enfoque práctico y funcional."
P091,AquaNova SpinMaster Z673,Lavadora,AquaNova,"SpinMaster Z673 es un lavadora eficiente y perfecto para apartamentos pequeños. Incorpora algoritmos de optimización energética, lo que lo hace destacar frente a otros modelos de su clase. Su diseño responde a necesidades específicas con un enfoque práctico y funcional."
P092,CoolTech FrostGuard X961,Congelador,CoolTech,"FrostGuard X961 es un congelador ergonómico y ideal para familias numerosas. Incorpora modos de funcionamiento inteligentes, lo que lo hace destacar frente a otros modelos de su clase. Su diseño responde a necesidades específicas con un enfoque práctico y funcional."
P093,KüchenPro LaundryPro Z676,Lavadora,KüchenPro,"LaundryPro Z676 es un lavadora eficiente y ideal para familias numerosas. Incorpora pantalla táctil multifunción, lo que lo hace destacar frente a otros modelos de su clase. Su diseño responde a necesidades específicas con un enfoque práctico y funcional."
P094,VentoMax CoolMate Q396,Frigorífico,VentoMax,"CoolMate Q396 es un frigorífico eficiente y diseñado para ahorrar espacio. Incorpora control por voz integrado, lo que lo hace destacar frente a otros modelos de su clase. Su diseño responde a necesidades específicas con un enfoque práctico y funcional."
P095,Electrona DryEase Q386,Secadora,Electrona,"DryEase Q386 es un secadora ergonómico y perfecto para apartamentos pequeños. Incorpora estructura interna modular, lo que lo hace destacar frente a otros modelos de su clase. Su diseño responde a necesidades específicas con un enfoque práctico y funcional."
P096,CoolTech CleanJet Z467,Lavavajillas,CoolTech,"CleanJet Z467 es un lavavajillas sostenible y diseñado para ahorrar espacio. Incorpora control por voz integrado, lo que lo hace destacar frente a otros modelos de su clase. Su diseño responde a necesidades específicas con un enfoque práctico y funcional."
P097,Electrona DryEase X469,Secadora,Electrona,"DryEase X469 es un secadora sostenible y perfecto para apartamentos pequeños. Incorpora panel de configuración rápida, lo que lo hace destacar frente a otros modelos de su clase. Su diseño responde a necesidades específicas con un enfoque práctico y funcional."
P098,HomeEase CoolMate X775,Frigorífico,HomeEase,"CoolMate X775 es un frigorífico avanzado y ideal para familias numerosas. Incorpora algoritmos de optimización energética, lo que lo hace destacar frente a otros modelos de su clase. Su diseño responde a necesidades específicas con un enfoque práctico y funcional."
P099,WashSphere LaundryPro Z730,Lavadora,WashSphere,"LaundryPro Z730 es un lavadora potente y ideal para familias numerosas. Incorpora modos de funcionamiento inteligentes, lo que lo hace destacar frente a otros modelos de su clase. Su diseño responde a necesidades específicas con un enfoque práctico y funcional."
P100,VentoMax ChillMate Q761,Frigorífico,VentoMax,"ChillMate Q761 es un frigorífico ergonómico y diseñado para ahorrar espacio. Incorpora control por voz integrado, lo que lo hace destacar frente a otros modelos de su clase. Su diseño responde a necesidades específicas con un enfoque práctico y funcional."
